City_ID,City,Lat,Lng,Max Temp,Humidity,Cloudiness,Wind Speed,Country,Date
0,Hobart,-42.8794,147.3294,68.25,65,40,5.75,AU,2022-03-29 01:45:43
1,Hukuntsi,-24.0,21.75,72.37,49,100,13.02,BW,2022-03-29 01:48:02
2,Port Alfred,-33.5906,26.891,68.18,82,10,1.95,ZA,2022-03-29 01:48:03
3,Cabo San Lucas,22.8909,-109.9124,79.9,53,21,12.93,MX,2022-03-29 01:46:00
4,Mataura,-46.1927,168.8643,69.08,52,85,1.97,NZ,2022-03-29 01:48:04
5,Iqaluit,63.7506,-68.5145,11.93,92,100,0.0,CA,2022-03-29 01:48:04
6,Betioky,-23.7167,44.3833,69.4,80,0,12.26,MG,2022-03-29 01:48:04
7,Cape Town,-33.9258,18.4232,64.27,76,75,13.8,ZA,2022-03-29 01:44:23
8,Ahipara,-35.1667,173.1667,72.0,64,0,10.69,NZ,2022-03-29 01:48:05
9,Ribeira Grande,38.5167,-28.7,60.31,85,99,5.7,PT,2022-03-29 01:48:05
10,Orchard Homes,46.8633,-114.0484,53.74,64,100,10.36,US,2022-03-29 01:48:06
11,Santarem,-2.4431,-54.7083,77.13,100,75,4.61,BR,2022-03-29 01:48:06
12,Coihaique,-45.5752,-72.0662,39.15,87,100,4.61,CL,2022-03-29 01:47:23
13,Busselton,-33.65,115.3333,71.78,63,95,17.74,AU,2022-03-29 01:48:07
14,Albany,42.6001,-73.9662,19.17,56,91,1.01,US,2022-03-29 01:48:07
15,Lebu,-37.6167,-73.65,56.66,91,92,8.03,CL,2022-03-29 01:48:08
16,Iskateley,67.6803,53.1512,2.62,99,100,6.38,RU,2022-03-29 01:48:08
17,Nikolskoye,59.7035,30.7861,25.88,89,100,6.11,RU,2022-03-29 01:48:08
18,Hermanus,-34.4187,19.2345,63.81,76,66,9.33,ZA,2022-03-29 01:48:09
19,Kapaa,22.0752,-159.319,79.2,72,40,8.05,US,2022-03-29 01:48:04
20,Gat,31.61,34.7642,63.39,40,83,7.85,IL,2022-03-29 01:48:10
21,Yantal,56.8471,105.2542,20.3,88,98,3.85,RU,2022-03-29 01:48:10
22,Salalah,17.0151,54.0924,84.29,18,0,11.5,OM,2022-03-29 01:48:10
23,Port Elizabeth,-33.918,25.5701,71.1,86,0,4.61,ZA,2022-03-29 01:46:58
24,Puerto Lempira,15.2667,-83.7667,75.6,84,17,9.8,HN,2022-03-29 01:48:11
25,Lagoa,39.05,-27.9833,59.0,86,72,7.47,PT,2022-03-29 01:48:12
26,Rikitea,-23.1203,-134.9692,78.37,67,80,2.48,PF,2022-03-29 01:48:12
27,Pozo Colorado,-23.4923,-58.7972,76.84,64,0,5.41,PY,2022-03-29 01:48:12
28,Hinton,53.4001,-117.5857,33.37,98,100,2.04,CA,2022-03-29 01:48:13
29,Ushuaia,-54.8,-68.3,44.26,65,75,6.91,AR,2022-03-29 01:48:13
30,Tiksi,71.6872,128.8694,-3.5,91,80,3.89,RU,2022-03-29 01:48:14
31,Muros,42.7762,-9.0603,56.68,80,99,8.19,ES,2022-03-29 01:48:14
32,Cody,44.5263,-109.0565,64.62,15,0,16.11,US,2022-03-29 01:44:33
33,Buala,-8.145,159.5921,83.68,78,99,7.29,SB,2022-03-29 01:48:14
34,Puerto Ayora,-0.7393,-90.3518,78.08,87,46,8.16,EC,2022-03-29 01:48:15
35,Evensk,61.95,159.2333,19.63,73,100,20.07,RU,2022-03-29 01:48:15
36,Severo-Kurilsk,50.6789,156.125,28.85,78,99,38.68,RU,2022-03-29 01:48:16
37,Atuona,-9.8,-139.0333,79.38,77,100,14.32,PF,2022-03-29 01:48:16
38,Barsovo,61.1667,73.1667,26.73,93,100,14.25,RU,2022-03-29 01:48:17
39,Yellowknife,62.456,-114.3525,15.42,78,40,6.91,CA,2022-03-29 01:48:17
40,Danilov,58.1908,40.1717,24.49,88,96,11.92,RU,2022-03-29 01:48:18
41,Itapirapua,-15.8233,-50.6133,74.77,78,10,2.66,BR,2022-03-29 01:48:18
42,Brewster,41.3973,-73.6171,23.61,53,68,1.99,US,2022-03-29 01:46:26
43,Hithadhoo,-0.6,73.0833,81.32,65,23,5.84,MV,2022-03-29 01:48:19
44,Vestmanna,62.1564,-7.1664,31.12,74,99,10.36,FO,2022-03-29 01:48:19
45,San Pedro,14.35,121.0167,89.35,66,20,10.36,PH,2022-03-29 01:49:20
46,Georgetown,5.4112,100.3354,85.95,87,20,3.44,MY,2022-03-29 01:49:20
47,Marsh Harbour,26.5412,-77.0636,73.62,58,6,5.35,BS,2022-03-29 01:49:20
48,Naranjal,-2.6667,-79.6167,76.75,92,100,2.19,EC,2022-03-29 01:49:21
49,Chokurdakh,70.6333,147.9167,3.94,86,18,3.71,RU,2022-03-29 01:49:21
50,Coquimbo,-29.9533,-71.3436,58.73,88,0,4.61,CL,2022-03-29 01:49:17
51,Vila Velha,-20.3297,-40.2925,78.94,87,40,4.61,BR,2022-03-29 01:49:22
52,Mahebourg,-20.4081,57.7,74.25,94,20,5.75,MU,2022-03-29 01:49:22
53,Dubovskoye,47.4092,42.7575,34.93,73,8,22.59,RU,2022-03-29 01:49:23
54,Bethel,41.3712,-73.414,23.36,51,64,13.0,US,2022-03-29 01:49:23
55,Pangkalanbuun,-2.6833,111.6167,88.45,61,63,2.04,ID,2022-03-29 01:49:23
56,Touros,-5.1989,-35.4608,79.57,81,90,9.93,BR,2022-03-29 01:49:24
57,Tuatapere,-46.1333,167.6833,66.0,62,100,4.88,NZ,2022-03-29 01:49:24
58,Mul,20.0667,79.6667,84.13,20,73,4.54,IN,2022-03-29 01:49:25
59,Tilichiki,60.4667,166.1,27.54,84,100,33.91,RU,2022-03-29 01:49:25
60,Weligama,5.9667,80.4167,79.92,81,47,3.96,LK,2022-03-29 01:49:25
61,Half Moon Bay,37.4636,-122.4286,60.33,79,75,20.71,US,2022-03-29 01:45:10
62,Jurado,7.1053,-77.7641,77.13,93,100,4.16,CO,2022-03-29 01:49:26
63,Bluff,-46.6,168.3333,62.38,73,100,5.46,NZ,2022-03-29 01:49:26
64,Berlevag,70.8578,29.0864,24.6,78,100,26.06,NO,2022-03-29 01:49:27
65,Marrakesh,31.6315,-8.0083,60.87,72,75,3.44,MA,2022-03-29 01:49:27
66,Bubaque,11.2833,-15.8333,77.58,72,42,10.56,GW,2022-03-29 01:49:28
67,Hilo,19.7297,-155.09,78.53,73,100,9.22,US,2022-03-29 01:49:28
68,High Prairie,55.4334,-116.4858,32.97,87,97,3.18,CA,2022-03-29 01:49:28
69,Bredasdorp,-34.5322,20.0403,62.8,75,100,4.05,ZA,2022-03-29 01:49:29
70,Meulaboh,4.1363,96.1285,80.98,73,12,1.9,ID,2022-03-29 01:49:29
71,Sitka,57.0531,-135.33,46.29,46,100,16.11,US,2022-03-29 01:49:30
72,Orje,59.4802,11.6602,28.36,60,99,1.95,NO,2022-03-29 01:49:30
73,Thompson,55.7435,-97.8558,19.56,68,100,3.44,CA,2022-03-29 01:49:31
74,Vaini,-21.2,-175.2,82.56,78,75,9.22,TO,2022-03-29 01:49:31
75,Emerald,-23.5333,148.1667,85.33,42,5,4.61,AU,2022-03-29 01:49:31
76,Wermelskirchen,51.15,7.2167,49.48,89,100,3.94,DE,2022-03-29 01:49:25
77,Farmington,36.7281,-108.2187,63.28,24,100,6.91,US,2022-03-29 01:49:32
78,Soyo,-6.1349,12.3689,78.6,86,100,5.88,AO,2022-03-29 01:49:33
79,Chuy,-33.6971,-53.4616,63.77,80,0,9.44,UY,2022-03-29 01:49:33
80,Ponta Do Sol,32.6667,-17.1,64.06,81,67,9.46,PT,2022-03-29 01:49:33
81,Souillac,-20.5167,57.5167,70.18,94,20,5.75,MU,2022-03-29 01:49:34
82,Arraial Do Cabo,-22.9661,-42.0278,75.47,88,100,7.94,BR,2022-03-29 01:49:34
83,Port Blair,11.6667,92.75,82.44,78,20,2.3,IN,2022-03-29 01:49:35
84,Rio Gallegos,-51.6226,-69.2181,41.05,93,40,14.97,AR,2022-03-29 01:46:58
85,Mar Del Plata,-38.0023,-57.5575,67.87,81,0,17.0,AR,2022-03-29 01:44:42
86,Klaksvik,62.2266,-6.589,32.92,62,100,16.44,FO,2022-03-29 01:49:35
87,Vostok,46.4856,135.8833,38.12,88,91,9.1,RU,2022-03-29 01:49:36
88,Mount Isa,-20.7333,139.5,89.37,18,7,11.5,AU,2022-03-29 01:49:36
89,Jamestown,42.097,-79.2353,20.01,65,100,14.97,US,2022-03-29 01:49:37
90,Grindavik,63.8424,-22.4338,37.87,81,75,17.27,IS,2022-03-29 01:49:37
91,Shimoda,34.6667,138.95,53.96,82,100,13.69,JP,2022-03-29 01:49:37
92,Wrexham,53.0,-3.0,47.23,90,57,1.88,GB,2022-03-29 01:49:38
93,Marshall,34.3834,-86.3333,55.15,50,0,4.61,US,2022-03-29 01:50:38
94,Faanui,-16.4833,-151.75,82.62,68,38,15.08,PF,2022-03-29 01:50:39
95,Azanka,58.0401,64.7893,26.13,95,100,6.8,RU,2022-03-29 01:50:39
96,Riyadh,24.6877,46.7219,57.34,25,0,9.95,SA,2022-03-29 01:50:40
97,Fairbanks,64.8378,-147.7164,42.76,44,100,8.05,US,2022-03-29 01:47:27
98,Airai,-8.9266,125.4092,72.77,62,69,1.23,TL,2022-03-29 01:50:40
99,Upernavik,72.7868,-56.1549,20.97,68,100,6.15,GL,2022-03-29 01:50:41
100,Port Macquarie,-31.4333,152.9167,73.29,83,75,12.66,AU,2022-03-29 01:50:41
101,Yebaishou,41.3975,119.6408,45.68,62,100,13.78,CN,2022-03-29 01:50:42
102,Villarrica,-25.75,-56.4333,70.81,73,0,4.81,PY,2022-03-29 01:50:42
103,Baracoa,20.3467,-74.4958,75.25,68,96,13.09,CU,2022-03-29 01:50:43
104,Butaritari,3.0707,172.7902,80.55,74,20,10.4,KI,2022-03-29 01:50:43
105,Kavaratti,10.5669,72.642,83.59,76,100,11.43,IN,2022-03-29 01:50:43
106,Lata,40.1629,-8.3327,60.93,76,100,2.21,PT,2022-03-29 01:50:44
107,Kerema,-7.9631,145.7785,80.13,82,98,13.71,PG,2022-03-29 01:50:44
108,Dingle,10.9995,122.6711,86.11,66,88,15.28,PH,2022-03-29 01:50:45
109,Joensuu,62.6012,29.7632,7.29,84,0,5.75,FI,2022-03-29 01:50:45
110,Pevek,69.7008,170.3133,-7.31,87,18,1.81,RU,2022-03-29 01:50:45
111,Snihurivka,47.0758,32.8052,39.69,66,4,15.52,UA,2022-03-29 01:50:46
112,Punta Arenas,-53.15,-70.9167,37.51,81,0,8.05,CL,2022-03-29 01:50:46
113,Rehoboth,-23.3167,17.0833,71.56,56,78,11.34,NA,2022-03-29 01:50:47
114,Cherskiy,68.75,161.3,4.71,83,33,5.95,RU,2022-03-29 01:50:47
115,Caravelas,-17.7125,-39.2481,76.73,87,15,5.19,BR,2022-03-29 01:50:48
116,Chicama,-7.8447,-79.1469,66.74,77,100,7.16,PE,2022-03-29 01:50:48
117,Itaituba,-4.2761,-55.9836,72.95,99,100,1.79,BR,2022-03-29 01:50:48
118,Iralaya,15.0,-83.2333,77.02,82,22,12.66,HN,2022-03-29 01:50:49
119,Mayo,38.8876,-76.5119,31.08,40,0,17.27,US,2022-03-29 01:50:49
120,Sao Jose Da Coroa Grande,-8.8978,-35.1478,78.13,83,97,5.5,BR,2022-03-29 01:50:50
121,Saint George,37.1041,-113.5841,70.39,29,75,23.02,US,2022-03-29 01:50:31
122,Saint-Pierre,-21.3393,55.4781,76.28,82,75,5.75,RE,2022-03-29 01:50:50
123,Nador,35.174,-2.9287,57.45,100,40,5.75,MA,2022-03-29 01:50:51
124,Ostrovnoy,68.0531,39.5131,21.9,88,100,17.31,RU,2022-03-29 01:50:51
125,Ipixuna,-1.7625,-48.8043,73.6,99,100,1.97,BR,2022-03-29 01:50:52
126,Sergeyevka,53.88,67.4158,31.78,88,100,9.93,KZ,2022-03-29 01:50:52
127,Dudinka,69.4058,86.1778,13.62,91,100,16.93,RU,2022-03-29 01:50:52
128,Shingu,33.7333,135.9833,60.71,65,100,4.74,JP,2022-03-29 01:50:53
129,Sabha,27.0377,14.4283,66.51,11,80,8.03,LY,2022-03-29 01:50:53
130,Gimbi,9.1667,35.8333,59.68,37,48,2.89,ET,2022-03-29 01:50:54
131,Boueni,-12.9025,45.0761,78.78,72,52,2.33,YT,2022-03-29 01:50:54
132,Khatanga,71.9667,102.5,-0.6,94,100,11.48,RU,2022-03-29 01:50:55
133,Avarua,-21.2078,-159.775,84.25,74,20,8.05,CK,2022-03-29 01:50:55
134,Elizabeth City,36.2946,-76.2511,41.02,53,0,17.27,US,2022-03-29 01:50:55
135,Salinopolis,-0.6136,-47.3561,77.36,91,100,11.21,BR,2022-03-29 01:50:56
136,Baishishan,43.5833,127.5667,48.88,26,100,15.17,CN,2022-03-29 01:50:56
137,Sindor,62.8629,51.8905,-8.48,100,97,2.13,RU,2022-03-29 01:50:57
138,Helong,42.5397,128.9972,51.93,33,99,8.16,CN,2022-03-29 01:51:57
139,Bundaberg,-24.85,152.35,85.21,56,14,10.36,AU,2022-03-29 01:51:58
140,Nanortalik,60.1432,-45.2371,29.1,85,11,3.18,GL,2022-03-29 01:51:58
141,Flin Flon,54.7682,-101.865,22.39,91,100,5.97,CA,2022-03-29 01:51:59
142,Jinxiang,27.4327,120.6062,57.67,79,94,7.23,CN,2022-03-29 01:51:59
143,Narsaq,60.9167,-46.05,23.52,75,11,5.41,GL,2022-03-29 01:51:59
144,Labuhan,-6.8844,112.2051,82.27,75,99,2.01,ID,2022-03-29 01:52:00
145,Ucluelet,48.9329,-125.5528,53.91,83,13,6.04,CA,2022-03-29 01:52:00
146,Darnah,32.767,22.6367,59.94,42,0,22.46,LY,2022-03-29 01:52:01
147,Portland,45.5234,-122.6762,59.63,79,94,3.0,US,2022-03-29 01:50:16
148,Kununurra,-15.7667,128.7333,91.38,58,100,3.44,AU,2022-03-29 01:52:01
149,Yar-Sale,66.8333,70.8333,28.09,96,100,15.59,RU,2022-03-29 01:52:02
150,Marystown,47.1666,-55.1483,36.86,100,100,8.01,CA,2022-03-29 01:52:02
151,Saquarema,-22.92,-42.5103,74.5,91,100,4.92,BR,2022-03-29 01:52:03
152,Sabirabad,40.0095,48.4752,35.76,69,16,3.8,AZ,2022-03-29 01:52:03
153,New Norfolk,-42.7826,147.0587,67.91,48,9,2.17,AU,2022-03-29 01:52:03
154,Ilorin,8.5,4.55,82.76,78,20,8.05,NG,2022-03-29 01:52:04
155,Whitianga,-36.8333,175.7,73.83,62,47,9.42,NZ,2022-03-29 01:52:04
156,Cidreira,-30.1811,-50.2056,70.84,80,0,12.35,BR,2022-03-29 01:52:05
157,Katherine,-14.4667,132.2667,93.52,43,0,4.61,AU,2022-03-29 01:52:05
158,Batemans Bay,-35.7167,150.1833,72.1,64,100,8.75,AU,2022-03-29 01:52:06
159,Qaanaaq,77.484,-69.3632,8.26,96,100,0.09,GL,2022-03-29 01:52:06
160,Aklavik,68.2191,-135.0107,1.76,92,100,4.5,CA,2022-03-29 01:52:06
161,Nabire,-3.3667,135.4833,85.57,64,88,3.44,ID,2022-03-29 01:52:07
162,Olafsvik,64.8945,-23.7142,34.41,76,100,13.78,IS,2022-03-29 01:52:07
163,Geraldton,-28.7667,114.6,79.21,73,75,25.32,AU,2022-03-29 01:52:08
164,Mahendranagar,28.9167,80.3333,76.33,22,1,4.16,NP,2022-03-29 01:52:08
165,Fortuna,40.5982,-124.1573,55.92,85,99,1.01,US,2022-03-29 01:52:09
166,Provideniya,64.3833,-173.3,17.71,67,0,8.99,RU,2022-03-29 01:52:09
167,Paamiut,61.994,-49.6678,22.41,76,22,4.79,GL,2022-03-29 01:52:10
168,Sakakah,29.9697,40.2064,51.37,36,0,8.05,SA,2022-03-29 01:52:10
169,Luderitz,-26.6481,15.1594,59.4,91,32,3.09,NA,2022-03-29 01:52:10
170,Apucarana,-23.5508,-51.4608,73.53,96,0,6.15,BR,2022-03-29 01:52:11
171,Eyl,7.9803,49.8164,76.3,79,1,10.27,SO,2022-03-29 01:52:11
172,Lafia,8.4833,8.5167,77.63,14,0,2.15,NG,2022-03-29 01:52:12
173,Iznik,40.4286,29.7211,44.35,63,100,2.82,TR,2022-03-29 01:52:12
174,Urumqi,43.801,87.6005,40.15,61,0,4.47,CN,2022-03-29 01:52:12
175,Bartica,6.4,-58.6167,75.52,94,81,1.99,GY,2022-03-29 01:52:13
176,Abonnema,4.7084,6.7931,80.42,83,13,4.36,NG,2022-03-29 01:52:13
177,Pau,43.4167,-0.5833,48.11,87,0,2.3,FR,2022-03-29 01:52:14
178,Lavrentiya,65.5833,-171.0,9.07,80,4,6.51,RU,2022-03-29 01:52:14
179,Juba,4.8517,31.5825,78.75,63,100,5.39,SS,2022-03-29 01:52:14
180,Bambous Virieux,-20.3428,57.7575,74.21,94,20,5.75,MU,2022-03-29 01:52:15
181,Disna,55.568,28.1971,37.45,85,92,13.42,BY,2022-03-29 01:52:15
182,Sangmelima,2.9333,11.9833,69.26,93,72,4.16,CM,2022-03-29 01:52:16
183,Castro,-24.7911,-50.0119,62.67,97,48,8.77,BR,2022-03-29 01:50:57
184,Namibe,-15.1961,12.1522,69.6,75,53,8.46,AO,2022-03-29 01:53:17
185,Changde,29.0464,111.6783,63.95,71,100,5.88,CN,2022-03-29 01:53:18
186,Wangkui,46.8333,126.5,36.07,78,100,19.06,CN,2022-03-29 01:53:18
187,Kieta,-6.2167,155.6333,83.17,80,82,8.72,PG,2022-03-29 01:53:19
188,Itoman,26.1247,127.6694,71.62,88,75,11.5,JP,2022-03-29 01:53:19
189,East London,-33.0153,27.9116,78.3,49,32,2.51,ZA,2022-03-29 01:53:20
190,Nantucket,41.2835,-70.0995,26.15,43,100,25.7,US,2022-03-29 01:53:20
191,Erzin,36.9559,36.2,49.82,64,15,5.41,TR,2022-03-29 01:53:20
192,Auki,-8.7676,160.7034,82.38,83,100,5.55,SB,2022-03-29 01:53:21
193,Poum,-20.2333,164.0167,81.5,81,100,20.98,NC,2022-03-29 01:53:21
194,Pedernales,18.0384,-71.744,78.67,72,63,0.63,DO,2022-03-29 01:53:22
195,Sao Filipe,14.8961,-24.4956,70.9,75,0,13.2,CV,2022-03-29 01:53:22
196,Ketchikan,55.3422,-131.6461,46.38,67,100,4.7,US,2022-03-29 01:53:23
197,Mwinilunga,-11.7358,24.4293,61.7,98,100,2.26,ZM,2022-03-29 01:53:23
198,Tavistock,50.5494,-4.1442,53.01,82,100,4.0,GB,2022-03-29 01:53:23
199,Kavieng,-2.5744,150.7967,84.31,66,100,5.79,PG,2022-03-29 01:53:24
200,Deputatskiy,69.3,139.9,-1.61,86,17,3.29,RU,2022-03-29 01:53:24
201,Pasighat,28.0667,95.3333,77.14,51,94,1.39,IN,2022-03-29 01:53:25
202,Goderich,43.7501,-81.7165,26.91,58,100,13.8,CA,2022-03-29 01:53:25
203,Gap,44.6667,6.0,32.83,53,100,3.94,FR,2022-03-29 01:53:25
204,Vardo,70.3705,31.1107,28.92,68,100,27.29,NO,2022-03-29 01:53:26
205,Henties Bay,-22.116,14.2845,62.98,85,74,5.91,NA,2022-03-29 01:53:26
206,Saint-Philippe,-21.3585,55.7679,76.21,80,23,4.92,RE,2022-03-29 01:53:27
207,Krasnoselkup,65.7,82.4667,16.61,95,100,12.73,RU,2022-03-29 01:53:27
208,Goya,-29.14,-59.2626,65.19,76,0,6.29,AR,2022-03-29 01:53:28
209,Toyooka,35.5333,134.8333,51.85,62,0,5.75,JP,2022-03-29 01:53:28
210,Tasiilaq,65.6145,-37.6368,21.7,87,100,10.22,GL,2022-03-29 01:53:28
211,Bhongaon,27.25,79.1833,81.19,11,0,3.47,IN,2022-03-29 01:53:29
212,Carnarvon,-24.8667,113.6333,78.87,83,40,10.36,AU,2022-03-29 01:53:29
213,Mount Darwin,-16.7725,31.5838,61.72,97,26,4.07,ZW,2022-03-29 01:53:30
214,Tashtyp,52.7939,89.8983,31.35,86,87,2.28,RU,2022-03-29 01:53:30
215,Esperance,-33.8667,121.9,67.84,67,98,11.83,AU,2022-03-29 01:53:31
216,Springbok,-29.6643,17.8865,59.74,57,0,3.15,ZA,2022-03-29 01:53:31
217,Camana,-16.6228,-72.7111,70.56,83,83,5.21,PE,2022-03-29 01:53:31
218,Bandar-E Lengeh,26.5579,54.8807,71.02,63,0,7.76,IR,2022-03-29 01:53:32
219,Tura,25.5198,90.2201,76.08,62,81,4.32,IN,2022-03-29 01:53:32
220,Rawson,-43.3002,-65.1023,61.77,44,74,21.81,AR,2022-03-29 01:53:33
221,Gorontalo,0.5412,123.0595,88.66,61,43,1.77,ID,2022-03-29 01:53:33
222,Broome,42.2506,-75.833,19.89,75,100,16.11,US,2022-03-29 01:53:34
223,Guanica,17.9716,-66.908,78.06,78,93,3.67,PR,2022-03-29 01:53:34
224,Fort Nelson,58.8053,-122.7002,44.19,26,20,4.61,CA,2022-03-29 01:53:34
225,Quatre Cocos,-20.2078,57.7625,74.08,73,0,4.88,MU,2022-03-29 01:53:35
226,Qaqortoq,60.7167,-46.0333,24.85,80,6,5.28,GL,2022-03-29 01:53:35
227,Aripuana,-9.1667,-60.6333,73.24,99,100,1.16,BR,2022-03-29 01:53:36
228,Asau,46.4333,26.4,32.92,62,80,6.6,RO,2022-03-29 01:53:36
229,Longyearbyen,78.2186,15.6401,6.64,72,20,5.75,SJ,2022-03-29 01:54:36
230,Ushibuka,32.1906,130.0228,58.39,70,100,5.82,JP,2022-03-29 01:54:37
231,Hami,42.8,93.45,47.88,31,4,6.13,CN,2022-03-29 01:54:37
232,Isangel,-19.55,169.2667,84.2,73,92,10.29,VU,2022-03-29 01:54:38
233,Shunyi,40.125,116.6453,53.55,54,100,6.71,CN,2022-03-29 01:54:38
234,Osa,57.2829,55.4567,8.31,97,100,5.68,RU,2022-03-29 01:54:39
235,Rincon,32.296,-81.2354,62.85,60,2,5.08,US,2022-03-29 01:54:39
236,San Quintin,30.4833,-115.95,61.0,88,69,17.69,MX,2022-03-29 01:54:39
237,Carutapera,-1.195,-46.02,75.56,96,100,7.25,BR,2022-03-29 01:54:40
238,Hualmay,-11.0964,-77.6139,70.45,85,99,9.91,PE,2022-03-29 01:54:40
239,Saskylakh,71.9167,114.0833,0.19,92,100,12.46,RU,2022-03-29 01:54:41
240,Kruisfontein,-34.0033,24.7314,68.88,77,94,4.94,ZA,2022-03-29 01:54:41
241,Tsiroanomandidy,-18.7667,46.0333,67.08,95,99,2.42,MG,2022-03-29 01:54:41
242,Beringovskiy,63.05,179.3167,4.75,87,74,9.75,RU,2022-03-29 01:54:42
243,Podor,16.6527,-14.9587,73.27,41,96,15.03,MR,2022-03-29 01:54:42
244,Craig,40.5153,-107.5464,55.02,37,100,14.58,US,2022-03-29 01:54:43
245,Yarmouth,41.7057,-70.2286,28.96,47,83,5.01,US,2022-03-29 01:54:43
246,Bathsheba,13.2167,-59.5167,77.61,73,40,16.11,BB,2022-03-29 01:54:43
247,La Romana,18.4273,-68.9728,71.96,100,75,4.61,DO,2022-03-29 01:54:44
248,Fare,-16.7,-151.0167,82.44,71,23,14.27,PF,2022-03-29 01:54:44
249,Kodiak,57.79,-152.4072,36.9,92,100,8.88,US,2022-03-29 01:54:45
250,Torbay,47.6666,-52.7314,38.28,94,100,8.05,CA,2022-03-29 01:51:41
251,Ukrayinka,47.9167,35.35,37.26,66,11,16.96,UA,2022-03-29 01:54:45
252,Olinda,-8.0089,-34.8553,82.13,78,40,8.05,BR,2022-03-29 01:54:46
253,Tynda,55.1667,124.7167,21.15,68,100,14.38,RU,2022-03-29 01:54:46
254,Tigil,57.8,158.6667,27.5,84,100,7.09,RU,2022-03-29 01:54:46
255,Troitsko-Pechorsk,62.7084,56.1964,6.6,98,100,3.2,RU,2022-03-29 01:54:47
256,Gogrial,8.5332,28.1004,77.67,15,32,5.55,SS,2022-03-29 01:54:47
257,Ordzhonikidze,52.4411,61.7408,14.92,93,100,8.97,KZ,2022-03-29 01:54:48
258,Hamcearca,45.1167,28.3667,33.98,69,100,6.78,RO,2022-03-29 01:54:51
259,Vao,-22.6667,167.4833,78.33,73,99,12.19,NC,2022-03-29 01:54:51
260,Bay Roberts,47.5999,-53.2648,39.06,87,100,4.0,CA,2022-03-29 01:54:52
261,Pouembout,-21.1333,164.9,86.83,64,100,7.27,NC,2022-03-29 01:54:52
262,Abha,18.2164,42.5053,55.22,28,0,0.0,SA,2022-03-29 01:54:53
263,Leningradskiy,69.3833,178.4167,-2.76,93,22,2.53,RU,2022-03-29 01:54:53
264,Unecha,52.8459,32.6739,39.06,77,54,11.32,RU,2022-03-29 01:54:54
265,Waingapu,-9.6567,120.2641,83.66,67,25,2.3,ID,2022-03-29 01:54:54
266,Barrow,71.2906,-156.7887,-3.89,92,74,21.36,US,2022-03-29 01:54:55
267,Belaya Gora,68.5333,146.4167,7.56,82,19,1.7,RU,2022-03-29 01:54:55
268,Sisimiut,66.9395,-53.6735,18.59,79,63,5.53,GL,2022-03-29 01:54:56
269,Pahrump,36.2083,-115.9839,56.44,58,100,5.99,US,2022-03-29 01:53:07
270,Gazanjyk,39.2446,55.5154,38.55,50,4,4.07,TM,2022-03-29 01:54:56
271,Sambava,-14.2667,50.1667,74.62,88,13,4.97,MG,2022-03-29 01:54:57
272,Laguna,38.421,-121.4238,58.05,85,75,5.75,US,2022-03-29 01:54:57
273,Inuvik,68.3499,-133.7218,2.16,53,0,9.22,CA,2022-03-29 01:54:57
274,Padang,-0.9492,100.3543,82.45,56,6,1.81,ID,2022-03-29 01:55:58
275,Bealanana,-14.55,48.7333,62.67,98,31,1.77,MG,2022-03-29 01:55:58
276,Puerto Escondido,15.85,-97.0667,79.66,68,79,5.06,MX,2022-03-29 01:55:59
277,Port Lincoln,-34.7333,135.8667,69.13,59,100,7.49,AU,2022-03-29 01:55:59
278,Victoria,22.2855,114.1577,69.24,81,97,11.01,HK,2022-03-29 01:55:38
279,Verkhnevilyuysk,63.4453,120.3167,13.51,81,89,8.3,RU,2022-03-29 01:56:00
280,Tabas,33.5959,56.9244,54.1,16,0,3.78,IR,2022-03-29 01:56:00
281,Tombouctou,20.0,-3.0,82.8,10,13,11.1,ML,2022-03-29 01:56:00
282,Jieshi,22.8134,115.8257,65.95,75,91,9.17,CN,2022-03-29 01:56:01
283,Dalbandin,28.8947,64.4101,68.67,13,0,7.87,PK,2022-03-29 01:56:01
284,Kaitangata,-46.2817,169.8464,62.42,75,95,5.55,NZ,2022-03-29 01:56:02
285,Pisco,-13.7,-76.2167,68.05,77,0,16.11,PE,2022-03-29 01:54:50
286,Villa Bruzual,9.3328,-69.1208,85.62,49,100,2.82,VE,2022-03-29 01:56:02
287,Sur,22.5667,59.5289,76.84,65,0,8.21,OM,2022-03-29 01:56:03
288,Kargasok,59.0556,80.8572,16.5,96,65,6.06,RU,2022-03-29 01:56:03
289,Honningsvag,70.9821,25.9704,29.95,80,75,23.02,NO,2022-03-29 01:56:04
290,Kisanga,-7.4362,37.7034,72.54,96,97,2.35,TZ,2022-03-29 01:56:04
291,Tangara,-6.1994,-35.8017,73.56,96,100,3.2,BR,2022-03-29 01:56:05
292,Black Forest,39.0131,-104.7008,62.49,16,0,9.22,US,2022-03-29 01:56:05
293,Sangar,63.9242,127.4739,18.03,90,100,5.48,RU,2022-03-29 01:56:05
294,Aginskoye,51.1,114.53,24.3,30,0,13.76,RU,2022-03-29 01:56:06
295,Naliya,23.2667,68.8333,76.51,81,6,7.85,IN,2022-03-29 01:56:06
296,Arya,33.6,73.0667,68.23,55,1,1.99,PK,2022-03-29 01:56:07
297,Miles City,46.4083,-105.8406,62.92,40,96,10.45,US,2022-03-29 01:56:07
298,Davila,18.4726,120.5763,89.58,64,6,18.52,PH,2022-03-29 01:56:07
299,Clyde River,70.4692,-68.5914,-0.17,78,75,13.8,CA,2022-03-29 01:53:57
300,Gornyak,50.9942,81.4661,27.48,87,98,11.68,RU,2022-03-29 01:56:08
301,Hasaki,35.7333,140.8333,52.29,57,100,11.18,JP,2022-03-29 01:56:08
302,Palmer,42.1584,-72.3287,22.62,44,75,18.41,US,2022-03-29 01:54:09
303,Camacha,33.0833,-16.3333,56.62,94,40,6.91,PT,2022-03-29 01:56:09
304,Chadiza,-14.0678,32.4392,64.27,97,100,5.66,ZM,2022-03-29 01:56:10
305,La Paz,-16.5,-68.15,46.38,93,40,6.91,BO,2022-03-29 01:52:00
306,Kungurtug,50.5994,97.5228,20.16,87,99,1.1,RU,2022-03-29 01:56:11
307,Villamontes,-21.25,-63.5,74.01,68,5,5.32,BO,2022-03-29 01:56:11
308,Wollongong,-34.4333,150.8833,70.09,93,100,14.72,AU,2022-03-29 01:53:13
309,Kommunar,59.6206,30.39,25.52,89,100,8.7,RU,2022-03-29 01:56:12
310,Sao Felix Do Xingu,-6.6447,-51.995,72.7,99,100,1.41,BR,2022-03-29 01:56:12
311,Huarmey,-10.0681,-78.1522,71.22,84,98,9.53,PE,2022-03-29 01:56:12
312,Katobu,-4.9408,122.5276,80.49,83,100,1.83,ID,2022-03-29 01:56:13
313,Oranjestad,12.524,-70.027,80.55,78,20,17.27,AW,2022-03-29 01:56:13
314,Losevo,50.6767,40.045,37.47,73,96,21.7,RU,2022-03-29 01:56:13
315,Tangshan,39.6333,118.1833,49.98,57,100,10.09,CN,2022-03-29 01:56:14
316,Lienz,46.8289,12.769,44.19,81,89,3.78,AT,2022-03-29 01:56:14
317,College,64.8569,-147.8028,39.18,52,100,8.05,US,2022-03-29 01:56:15
318,San Matias,-16.3667,-58.4,76.73,79,93,3.69,BO,2022-03-29 01:57:15
319,Keti Bandar,24.1447,67.4497,78.93,75,4,14.9,PK,2022-03-29 01:57:16
320,Norman Wells,65.282,-126.8329,12.24,52,40,0.0,CA,2022-03-29 01:57:16
321,Matara,5.9485,80.5353,80.31,79,42,3.58,LK,2022-03-29 01:57:17
322,Kisesa,-3.0833,34.15,64.56,85,82,5.41,TZ,2022-03-29 01:57:17
323,Karlstad,59.3793,13.5036,30.76,64,20,5.75,SE,2022-03-29 01:57:17
324,Chernyshevskiy,63.0128,112.4714,11.35,90,89,4.68,RU,2022-03-29 01:57:18
325,Pacific Grove,36.6177,-121.9166,58.55,83,78,8.01,US,2022-03-29 01:57:18
326,Saint-Jean-De-Braye,47.913,1.9771,55.51,58,0,4.61,FR,2022-03-29 01:57:19
327,Ordu,40.9086,37.6845,30.99,79,1,7.7,TR,2022-03-29 01:57:19
328,Nhulunbuy,-12.2333,136.7667,90.21,51,20,3.44,AU,2022-03-29 01:57:19
329,Korla,41.7597,86.1469,50.59,30,90,5.68,CN,2022-03-29 01:57:20
330,Ojhar,20.1,73.9333,78.13,31,72,5.73,IN,2022-03-29 01:57:20
331,Faya,18.3851,42.4509,55.51,33,0,4.88,SA,2022-03-29 01:57:21
332,Clearwater,27.9659,-82.8001,70.93,79,0,7.0,US,2022-03-29 01:57:21
333,Cayenne,4.9333,-52.3333,80.1,1,100,5.99,GF,2022-03-29 01:57:21
334,Beloha,-25.1667,45.05,70.39,78,60,14.07,MG,2022-03-29 01:57:22
335,Zhoucheng,35.9122,116.3117,59.36,61,32,17.05,CN,2022-03-29 01:57:22
336,Jumla,29.2747,82.1838,58.21,35,0,1.59,NP,2022-03-29 01:57:23
337,Montbrison,45.6667,4.0833,45.57,44,100,5.06,FR,2022-03-29 01:57:23
338,Puerto Quijarro,-17.7833,-57.7667,77.86,69,91,1.48,BO,2022-03-29 01:57:23
339,Sumkino,58.1108,68.3244,32.79,88,100,8.86,RU,2022-03-29 01:57:24
340,Flinders,-34.5833,150.8552,69.19,94,100,3.0,AU,2022-03-29 01:57:24
341,San Patricio,28.017,-97.5169,73.54,78,100,16.17,US,2022-03-29 01:57:25
342,Lorengau,-2.0226,147.2712,82.29,78,98,11.14,PG,2022-03-29 01:57:25
343,Saint Stephen,50.3333,-4.9,50.27,81,100,9.22,GB,2022-03-29 01:57:26
344,Ambilobe,-13.2,49.05,72.12,96,7,2.89,MG,2022-03-29 01:57:26
345,Namatanai,-3.6667,152.4333,84.97,68,82,8.59,PG,2022-03-29 01:57:26
346,Dunedin,-45.8742,170.5036,61.09,79,89,3.85,NZ,2022-03-29 01:57:27
347,Grenada,37.1882,-3.6067,53.49,84,40,3.44,ES,2022-03-29 01:53:34
348,Monterey,36.2505,-121.2516,53.17,1,100,8.55,US,2022-03-29 01:57:27
349,Chandia,23.65,80.7,81.0,15,7,4.7,IN,2022-03-29 01:57:28
350,Whitehorse,60.7161,-135.0538,38.01,55,75,17.27,CA,2022-03-29 01:57:28
351,Horadiz,39.4488,47.3353,37.58,84,62,3.62,AZ,2022-03-29 01:57:29
352,Bhadrachalam,17.6667,80.8833,82.36,68,45,4.03,IN,2022-03-29 01:57:29
353,Ola,59.5833,151.2833,25.14,56,100,12.82,RU,2022-03-29 01:57:29
354,Ranfurly,-45.1333,170.1,65.89,63,96,5.82,NZ,2022-03-29 01:57:30
355,Truro,50.2653,-5.0544,51.08,81,100,9.22,GB,2022-03-29 01:52:31
356,Sarab,38.6066,44.9883,33.62,53,0,4.59,IR,2022-03-29 01:57:30
357,Smithers,54.7804,-127.1743,50.32,32,40,4.61,CA,2022-03-29 01:57:31
358,Egvekinot,66.3167,-179.1667,2.75,81,69,7.54,RU,2022-03-29 01:57:31
359,Bandarbeyla,9.4942,50.8122,77.02,80,33,6.96,SO,2022-03-29 01:57:32
360,Windhoek,-22.5594,17.0832,67.1,72,100,3.44,NA,2022-03-29 01:57:32
361,Hofn,64.2539,-15.2082,29.41,70,100,11.01,IS,2022-03-29 01:57:33
362,Yulara,-25.2406,130.9889,85.84,15,55,10.36,AU,2022-03-29 01:57:33
363,Yerbogachen,61.2767,108.0108,16.23,91,99,7.31,RU,2022-03-29 01:57:33
364,Bontang,0.1333,117.5,83.39,68,38,3.96,ID,2022-03-29 01:58:34
365,Emba,48.8264,58.1442,19.02,93,99,17.05,KZ,2022-03-29 01:58:34
366,Berbera,10.4396,45.0143,77.31,72,60,5.84,SO,2022-03-29 01:58:35
367,Prainha,-1.8,-53.48,72.59,98,100,2.59,BR,2022-03-29 01:58:35
368,Saint-Augustin,51.226,-58.6502,31.69,98,96,7.14,CA,2022-03-29 01:58:35
369,San Carlos De Bariloche,-41.1456,-71.3082,46.15,71,75,26.46,AR,2022-03-29 01:58:36
370,Russell,32.3502,-85.1999,61.12,74,5,5.88,US,2022-03-29 01:58:36
371,San-Pedro,4.7485,-6.6363,78.91,92,98,5.88,CI,2022-03-29 01:58:37
372,Tommot,58.9564,126.2925,22.57,79,100,11.36,RU,2022-03-29 01:58:37
373,Talas,38.6908,35.5538,29.07,86,0,6.91,TR,2022-03-29 01:58:38
374,Kahului,20.8947,-156.47,78.96,79,94,8.99,US,2022-03-29 01:58:38
375,Tuktoyaktuk,69.4541,-133.0374,-7.6,71,0,10.36,CA,2022-03-29 01:58:38
376,Yali,6.6746,-74.8343,64.15,98,77,2.01,CO,2022-03-29 01:58:39
377,Nahavand,34.1885,48.377,29.21,41,0,3.04,IR,2022-03-29 01:58:39
378,Grand Gaube,-20.0064,57.6608,74.37,80,0,3.0,MU,2022-03-29 01:58:40
379,Te Anau,-45.4167,167.7167,66.6,54,91,1.59,NZ,2022-03-29 01:58:40
380,Bowen,-20.0167,148.2333,85.59,58,0,12.19,AU,2022-03-29 01:58:41
381,Launceston,-41.45,147.1667,73.04,53,40,8.05,AU,2022-03-29 01:56:05
382,Wanning,18.8003,110.3967,76.78,86,96,8.5,CN,2022-03-29 01:58:41
383,Ramnagar,29.4,79.1167,74.07,20,0,3.4,IN,2022-03-29 01:58:42
384,Oussouye,12.485,-16.5469,75.38,56,59,13.56,SN,2022-03-29 01:58:42
385,Churapcha,62.0025,132.4325,23.67,85,100,2.55,RU,2022-03-29 01:58:43
386,Taoudenni,22.6783,-3.9836,86.13,11,98,5.28,ML,2022-03-29 01:58:43
387,Kirakira,-10.4544,161.9205,83.07,81,100,3.31,SB,2022-03-29 01:58:43
388,Lasa,46.6166,10.7002,41.02,80,99,2.46,IT,2022-03-29 01:58:44
389,Kangaatsiaq,68.3065,-53.4641,12.56,95,48,6.06,GL,2022-03-29 01:58:44
390,Itarema,-2.9248,-39.9167,76.08,92,100,7.45,BR,2022-03-29 01:58:45
391,Naze,28.3667,129.4833,63.52,84,100,10.65,JP,2022-03-29 01:58:45
392,Port Keats,-14.25,129.55,89.91,59,100,6.38,AU,2022-03-29 01:58:45
393,Tessalit,20.1986,1.0114,79.32,8,33,12.08,ML,2022-03-29 01:58:46
394,Adrar,20.5022,-10.0711,80.49,21,100,9.91,MR,2022-03-29 01:58:46
395,Zhezkazgan,47.8043,67.7144,37.38,93,100,22.37,KZ,2022-03-29 01:58:47
396,Thinadhoo,0.5333,72.9333,81.5,64,2,5.44,MV,2022-03-29 01:58:47
397,Vilyuysk,63.7553,121.6247,12.96,87,99,9.33,RU,2022-03-29 01:58:47
398,Oktyabrskiy,54.4815,53.471,15.71,91,97,13.31,RU,2022-03-29 01:58:48
399,Turinsk,58.0458,63.696,21.38,96,55,5.28,RU,2022-03-29 01:58:48
400,Pachino,36.7186,15.0907,54.81,81,29,8.05,IT,2022-03-29 01:58:49
401,Bengkulu,-3.8004,102.2655,80.83,67,100,5.14,ID,2022-03-29 01:58:49
402,Sens,48.1667,3.3333,49.35,68,100,3.69,FR,2022-03-29 01:58:49
403,Kirensk,57.7853,108.1119,19.74,88,100,5.32,RU,2022-03-29 01:58:50
404,Anshun,26.25,105.9333,52.34,93,100,13.89,CN,2022-03-29 01:58:50
405,Codrington,-38.2667,141.9667,64.42,59,66,9.82,AU,2022-03-29 01:58:50
406,Thohoyandou,-22.9456,30.485,64.29,86,97,3.96,ZA,2022-03-29 01:58:51
407,Ngaoundere,7.3167,13.5833,67.59,14,97,4.29,CM,2022-03-29 01:58:51
408,Antalaha,-14.9003,50.2788,73.58,86,30,4.25,MG,2022-03-29 01:58:52
409,San Cristobal,7.7669,-72.225,69.98,81,100,2.46,VE,2022-03-29 01:58:52
410,Mtwara,-10.2667,40.1833,75.25,94,85,9.13,TZ,2022-03-29 01:58:52
411,Zhanakorgan,43.9098,67.2495,38.82,70,100,23.13,KZ,2022-03-29 01:58:53
412,Kango,0.1943,10.0951,73.02,98,82,1.07,GA,2022-03-29 01:59:53
413,Maceio,-9.6658,-35.7353,80.04,78,75,3.44,BR,2022-03-29 01:59:54
414,Mehamn,71.0357,27.8492,27.72,85,100,27.36,NO,2022-03-29 01:59:54
415,Dikson,73.5069,80.5464,-1.68,95,100,7.25,RU,2022-03-29 01:59:55
416,Ferrol,43.4832,-8.2369,54.12,90,100,3.13,ES,2022-03-29 01:59:55
417,Khonsa,27.0167,95.5667,73.51,44,42,2.15,IN,2022-03-29 01:59:55
418,Penzance,50.1186,-5.5371,50.22,87,100,6.51,GB,2022-03-29 01:59:56
419,Ilulissat,69.2167,-51.1,14.88,86,12,6.91,GL,2022-03-29 01:59:56
420,Lishui,28.4604,119.9103,60.8,76,79,3.15,CN,2022-03-29 01:59:57
421,Xuddur,4.1213,43.8894,71.01,79,92,17.6,SO,2022-03-29 01:59:57
422,Narsimhapur,22.95,79.2,81.36,16,17,5.68,IN,2022-03-29 01:59:58
423,Constitucion,-35.3333,-72.4167,53.15,86,5,7.92,CL,2022-03-29 01:59:59
424,Jiaohe,43.7286,127.3447,48.49,27,100,16.13,CN,2022-03-29 01:59:59
425,Kawalu,-7.3817,108.2082,82.33,74,60,0.83,ID,2022-03-29 02:00:01
426,Sitio Novo Do Tocantins,-5.5183,-47.4611,73.56,98,100,2.73,BR,2022-03-29 02:00:01
427,The Valley,18.217,-63.0578,78.82,72,6,11.14,AI,2022-03-29 02:00:02
428,Guarapari,-20.6667,-40.4975,78.89,91,24,4.7,BR,2022-03-29 02:00:03
429,Cap Malheureux,-19.9842,57.6142,74.46,80,0,3.0,MU,2022-03-29 02:00:04
430,San Carlos,9.6612,-68.5827,80.55,64,98,3.04,VE,2022-03-29 02:00:05
431,Jiangdu,32.4286,119.5574,62.89,66,0,14.63,CN,2022-03-29 02:00:07
432,Sinnamary,5.3833,-52.95,78.12,83,100,12.97,GF,2022-03-29 02:00:08
433,Agirish,61.9247,63.0231,26.1,96,100,5.99,RU,2022-03-29 02:00:09
434,Mathbaria,22.2876,89.9593,84.31,65,82,10.54,BD,2022-03-29 02:00:10
435,Sao Gabriel Da Cachoeira,-0.1303,-67.0892,71.71,100,100,1.7,BR,2022-03-29 02:00:11
436,Sydney,-33.8679,151.2073,71.71,95,75,4.61,AU,2022-03-29 01:55:53
437,Magadan,59.5667,150.8,24.53,59,100,6.76,RU,2022-03-29 02:00:12
438,Maragogi,-9.0122,-35.2225,77.92,83,94,5.28,BR,2022-03-29 02:00:13
439,Thornbury,52.2333,-2.55,52.72,86,82,3.78,GB,2022-03-29 02:00:14
440,Mayumba,-3.432,10.6554,73.89,91,100,2.86,GA,2022-03-29 02:00:15
441,Paveh,35.0434,46.3565,36.68,52,0,4.14,IR,2022-03-29 02:00:15
442,Lerwick,60.1545,-1.1494,37.4,66,100,14.29,GB,2022-03-29 02:00:16
443,Miyako,39.6367,141.9525,45.93,58,47,9.04,JP,2022-03-29 02:00:17
444,Sakaiminato,35.55,133.2333,52.23,52,100,5.32,JP,2022-03-29 02:00:17
445,Oistins,13.0667,-59.5333,77.09,73,40,16.11,BB,2022-03-29 01:58:33
446,Saint Peter,13.25,-59.6167,75.74,68,100,16.91,BB,2022-03-29 02:00:18
447,Srednekolymsk,67.45,153.6833,11.12,78,8,9.71,RU,2022-03-29 02:00:18
448,Samarai,-10.6167,150.6667,84.15,70,98,6.91,PG,2022-03-29 02:00:18
449,Batagay-Alyta,67.8006,130.4114,5.13,69,31,1.61,RU,2022-03-29 02:00:19
450,Katsuura,35.1333,140.3,53.94,75,100,13.44,JP,2022-03-29 02:00:19
451,Bisho,-32.8472,27.4422,75.02,35,11,8.41,ZA,2022-03-29 02:00:20
452,Port-Cartier,50.0334,-66.8654,29.75,84,92,9.48,CA,2022-03-29 02:00:20
453,Pacifica,37.6138,-122.4869,59.05,80,75,13.8,US,2022-03-29 02:00:24
454,Jaumave,23.4167,-99.3833,67.91,62,100,4.72,MX,2022-03-29 02:00:24
455,Ganzhou,28.8184,115.4327,61.86,72,100,4.16,CN,2022-03-29 02:00:24
456,Ambovombe,-25.1667,46.0833,71.4,82,76,18.97,MG,2022-03-29 02:00:25
457,Totana,37.7688,-1.5023,53.19,75,100,5.19,ES,2022-03-29 02:00:25
458,Carolina,18.3808,-65.9574,75.99,83,38,5.32,PR,2022-03-29 02:00:03
459,Aboso,5.3617,-1.9473,76.05,97,81,2.48,GH,2022-03-29 02:01:26
460,Praia,14.9215,-23.5087,69.39,76,4,13.15,CV,2022-03-29 02:01:26
461,Saurimo,-9.6608,20.3916,64.92,96,100,1.92,AO,2022-03-29 02:01:27
462,Libreville,0.3925,9.4537,76.8,89,77,7.56,GA,2022-03-29 02:01:27
463,Estelle,29.8458,-90.1067,72.0,77,0,4.0,US,2022-03-29 02:01:27
464,Saldanha,-33.0117,17.9442,61.09,94,100,15.1,ZA,2022-03-29 02:01:28
465,Lawrenceburg,38.0373,-84.8966,39.09,55,0,3.44,US,2022-03-29 02:01:28
466,Manaus,-3.1019,-60.025,75.69,100,0,3.44,BR,2022-03-29 02:01:29
467,Mandeville,18.0417,-77.5071,63.61,68,34,5.44,JM,2022-03-29 01:59:28
468,Bardiyah,31.7561,25.0865,58.32,59,88,13.47,LY,2022-03-29 02:01:30
469,Santa Rosa,14.3122,121.1114,92.1,65,62,18.25,PH,2022-03-29 02:01:30
470,Santa Cruz De La Palma,28.6835,-17.7642,62.74,77,0,5.75,ES,2022-03-29 02:01:30
471,Blythe,33.6103,-114.5964,75.65,33,100,24.16,US,2022-03-29 02:01:31
472,Linqiong,30.4159,103.4609,61.36,64,92,3.51,CN,2022-03-29 02:01:31
473,Ngama,11.7833,17.1667,71.13,8,54,10.89,TD,2022-03-29 02:01:32
474,Kodinsk,58.6881,99.1844,16.88,89,77,1.05,RU,2022-03-29 02:01:32
475,Hibbing,47.4272,-92.9377,31.35,43,100,8.05,US,2022-03-29 02:01:32
476,Bemidji,47.4736,-94.8803,32.09,34,100,12.66,US,2022-03-29 02:01:33
477,Biga,40.2281,27.2422,52.05,59,100,4.59,TR,2022-03-29 02:01:33
478,Belmonte,-15.8631,-38.8828,77.85,82,97,6.04,BR,2022-03-29 02:01:34
479,Chakwal,32.9334,72.8585,70.54,29,0,2.08,PK,2022-03-29 02:01:34
480,Martos,37.7211,-3.9726,54.63,83,100,1.99,ES,2022-03-29 02:01:34
481,Khasan,42.4308,130.6434,43.0,70,81,10.27,RU,2022-03-29 02:01:35
482,Gimli,50.6336,-96.9907,25.72,90,100,13.02,CA,2022-03-29 02:01:35
483,Cockburn Town,21.4612,-71.1419,76.69,67,1,18.07,TC,2022-03-29 02:01:36
484,Bulawayo,-20.15,28.5833,57.31,95,8,8.12,ZW,2022-03-29 02:01:36
485,Thunder Bay,48.4001,-89.3168,10.02,96,56,1.14,CA,2022-03-29 02:00:06
486,Zhaoyuan,37.3592,120.3964,53.2,49,63,17.58,CN,2022-03-29 02:01:37
487,Necochea,-38.5473,-58.7368,67.6,55,0,15.88,AR,2022-03-29 01:57:28
488,Udachnyy,66.4167,112.4,5.45,84,99,16.06,RU,2022-03-29 02:01:37
489,Sikeston,36.8767,-89.5879,51.69,49,0,8.05,US,2022-03-29 02:00:06
490,Hamilton,39.1834,-84.5333,36.73,53,100,1.01,US,2022-03-29 02:00:36
491,Linares,-35.85,-71.6,52.86,69,38,5.79,CL,2022-03-29 01:58:26
492,Harper,4.375,-7.7169,79.48,89,63,6.31,LR,2022-03-29 02:01:38
493,Soloneshnoye,51.6544,84.3197,28.06,84,100,3.74,RU,2022-03-29 02:01:39
494,Lazaro Cardenas,17.9583,-102.2,74.35,68,0,4.72,MX,2022-03-29 01:58:12
495,Teplodar,46.5059,30.3252,40.15,70,0,11.16,UA,2022-03-29 02:01:39
496,San Policarpo,12.1791,125.5072,82.85,78,11,12.66,PH,2022-03-29 02:01:40
497,Zheleznodorozhnyy,55.7503,38.0042,34.32,81,100,13.8,RU,2022-03-29 02:01:41
498,Karratha,-20.7377,116.8463,86.16,58,34,1.54,AU,2022-03-29 02:01:41
499,La Ronge,55.1001,-105.2842,25.7,97,100,7.18,CA,2022-03-29 02:01:41
500,Ulladulla,-35.35,150.4667,72.77,79,100,11.25,AU,2022-03-29 02:01:42
501,Ndende,-2.4008,11.3581,72.82,98,100,1.45,GA,2022-03-29 02:01:42
502,Caucaia,-3.7361,-38.6531,77.04,85,40,2.3,BR,2022-03-29 02:01:43
503,Ulaangom,49.9811,92.0667,16.77,78,12,2.26,MN,2022-03-29 02:01:43
504,Atambua,-9.1061,124.8925,81.61,69,62,2.28,ID,2022-03-29 02:01:43
505,Krasnovishersk,60.4078,57.082,15.58,94,100,5.03,RU,2022-03-29 02:02:44
506,Vila Franca Do Campo,37.7167,-25.4333,57.61,86,70,5.37,PT,2022-03-29 02:02:44
507,Margate,51.3813,1.3862,46.11,89,100,3.0,GB,2022-03-29 02:02:44
508,Coari,-4.085,-63.1414,74.23,97,100,3.0,BR,2022-03-29 02:02:45
509,Maldonado,-34.6667,-54.9167,63.23,75,55,8.59,UY,2022-03-29 02:02:08
510,Mandalgovi,45.7625,106.2708,27.07,60,75,13.15,MN,2022-03-29 02:02:45
511,Tromso,69.6496,18.957,24.82,86,75,5.75,NO,2022-03-29 02:02:46
512,Kirkland Lake,48.1446,-80.0377,8.06,95,99,4.97,CA,2022-03-29 02:02:46
513,Iraray,8.9936,118.0511,81.12,81,100,7.58,PH,2022-03-29 02:02:47
514,High Rock,26.6208,-78.2833,73.53,55,48,3.58,BS,2022-03-29 02:02:47
515,North Bend,43.4065,-124.2243,55.92,95,99,9.06,US,2022-03-29 02:02:47
516,Ostroh,50.3294,26.5143,46.51,66,9,13.02,UA,2022-03-29 02:02:48
517,Turayf,31.6725,38.6637,48.0,33,0,10.33,SA,2022-03-29 02:02:48
518,Keshorai Patan,25.3,75.9333,79.72,16,5,4.65,IN,2022-03-29 02:02:49
519,Aykhal,66.0,111.5,4.51,88,68,7.2,RU,2022-03-29 02:02:49
520,Mazamet,43.49,2.373,55.02,44,0,24.16,FR,2022-03-29 02:02:50
521,Kaohsiung,22.6163,120.3133,77.04,73,75,6.91,TW,2022-03-29 02:00:06
522,Petropavlovsk-Kamchatskiy,53.0452,158.6483,34.39,48,20,24.61,RU,2022-03-29 02:02:50
523,Homer,59.6425,-151.5483,43.81,71,100,10.36,US,2022-03-29 01:58:43
524,Den Helder,52.9599,4.7593,44.98,89,100,10.0,NL,2022-03-29 02:02:51
525,Matay,28.419,30.7792,52.14,61,10,10.07,EG,2022-03-29 02:02:51
526,Bilma,18.6853,12.9164,69.93,8,0,7.9,NE,2022-03-29 02:02:52
527,Jaegerspris,55.8554,11.9679,39.09,89,75,1.99,DK,2022-03-29 02:02:52
528,Chapais,49.7834,-74.8492,5.11,90,100,10.09,CA,2022-03-29 02:02:47
529,Maiduguri,11.8464,13.1603,69.35,24,24,7.78,NG,2022-03-29 02:02:53
530,Conde,-7.2597,-34.9075,77.47,82,100,7.16,BR,2022-03-29 02:02:53
531,Okha,53.5739,142.9478,28.09,78,10,5.55,RU,2022-03-29 02:02:54
532,Pauini,-7.7136,-66.9764,74.08,98,100,0.18,BR,2022-03-29 02:02:54
533,Shahreza,32.0339,51.8794,42.39,21,0,2.24,IR,2022-03-29 02:02:55
534,Micheweni,-4.9667,39.8333,80.08,82,89,1.36,TZ,2022-03-29 02:02:55
535,Veraval,20.9,70.3667,78.33,71,7,10.31,IN,2022-03-29 02:02:56
536,Teknaf,20.8624,92.3058,79.57,78,20,0.92,BD,2022-03-29 02:02:56
537,Inhambane,-23.865,35.3833,71.8,72,0,7.31,MZ,2022-03-29 02:02:57
538,Rocha,-34.4833,-54.3333,58.14,89,22,7.47,UY,2022-03-29 02:02:57
539,Gigmoto,13.7796,124.39,83.7,75,16,13.11,PH,2022-03-29 02:02:57
540,Soe,-9.8607,124.284,74.41,79,100,1.45,ID,2022-03-29 02:02:58
541,Kouango,4.9934,19.9619,78.42,23,100,2.13,CF,2022-03-29 02:02:58
542,Ancud,-41.8697,-73.8203,45.23,75,54,21.34,CL,2022-03-29 02:02:58
543,Caxito,-8.5785,13.6643,75.22,94,100,0.96,AO,2022-03-29 02:02:59
544,Cartagena,10.3997,-75.5144,78.8,83,97,19.13,CO,2022-03-29 02:03:00
545,Coihueco,-36.6167,-71.8333,50.47,78,5,3.98,CL,2022-03-29 02:03:01
546,Soyaux,45.65,0.2,53.58,54,0,5.75,FR,2022-03-29 02:03:01
547,Pleasanton,37.6624,-121.8747,58.6,76,82,3.0,US,2022-03-29 02:01:48
548,Mount Gambier,-37.8333,140.7667,61.52,65,100,5.7,AU,2022-03-29 02:03:02
549,San Bartolome De Tirajana,27.9248,-15.5733,54.07,83,20,20.71,ES,2022-03-29 02:04:02
550,Muzhi,65.3667,64.6667,28.26,97,100,4.99,RU,2022-03-29 02:04:03
551,Ziniare,12.5822,-1.2983,79.72,7,11,9.19,BF,2022-03-29 02:04:03
552,Belousovka,50.1339,82.5239,32.85,93,100,11.18,KZ,2022-03-29 02:04:03
